{
    "$schema": "https://schema.management.azure.com/schemas/2015-01-01/deploymentParameters.json#",
    "contentVersion": "1.0.0.0",
    "parameters": {
        "vulnerabilityAssessments_Default_storageContainerPath": {
            "value": null
        },
        "servers_sql_vm_name": {
            "value": null
        },
        "sites_WebAppSysKit1_name": {
            "value": null
        },
        "sites_WebAppSysKit2_name": {
            "value": null
        },
        "sites_WebAppSysKit3_name": {
            "value": null
        },
        "sites_WebAppSysKit4_name": {
            "value": null
        },
        "serverfarms_ASP_RG01_98bb_name": {
            "value": null
        },
        "components_WebAppSysKit1_name": {
            "value": null
        },
        "actionGroups_Application_Insights_Smart_Detection_name": {
            "value": null
        },
        "workspaces_DefaultWorkspace_21c6db3b_67f6_4bb5_b321_890a7cfeb2c5_WEU_externalid": {
            "value": null
        }
    }
}