{
    "$schema": "https://schema.management.azure.com/schemas/2019-04-01/deploymentTemplate.json#",
    "contentVersion": "1.0.0.0",
    "parameters": {
        "vulnerabilityAssessments_Default_storageContainerPath": {
            "type": "SecureString"
        },
        "servers_sql_vm_name": {
            "defaultValue": "sql-vm",
            "type": "String"
        },
        "sites_WebAppSysKit1_name": {
            "defaultValue": "WebAppSysKit1",
            "type": "String"
        },
        "sites_WebAppSysKit2_name": {
            "defaultValue": "WebAppSysKit2",
            "type": "String"
        },
        "sites_WebAppSysKit3_name": {
            "defaultValue": "WebAppSysKit3",
            "type": "String"
        },
        "sites_WebAppSysKit4_name": {
            "defaultValue": "WebAppSysKit4",
            "type": "String"
        },
        "serverfarms_ASP_RG01_98bb_name": {
            "defaultValue": "ASP-RG01-98bb",
            "type": "String"
        },
        "components_WebAppSysKit1_name": {
            "defaultValue": "WebAppSysKit1",
            "type": "String"
        },
        "actionGroups_Application_Insights_Smart_Detection_name": {
            "defaultValue": "Application Insights Smart Detection",
            "type": "String"
        },
        "workspaces_DefaultWorkspace_21c6db3b_67f6_4bb5_b321_890a7cfeb2c5_WEU_externalid": {
            "defaultValue": "/subscriptions/21c6db3b-67f6-4bb5-b321-890a7cfeb2c5/resourceGroups/DefaultResourceGroup-WEU/providers/Microsoft.OperationalInsights/workspaces/DefaultWorkspace-21c6db3b-67f6-4bb5-b321-890a7cfeb2c5-WEU",
            "type": "String"
        }
    },
    "variables": {},
    "resources": [
        {
            "type": "microsoft.insights/actionGroups",
            "apiVersion": "2023-01-01",
            "name": "[parameters('actionGroups_Application_Insights_Smart_Detection_name')]",
            "location": "Global",
            "tags": {
                "Project": "AzureDevOpsAssignment",
                "Owner": "Fran_M",
                "Environment": "Staging"
            },
            "properties": {
                "groupShortName": "SmartDetect",
                "enabled": true,
                "emailReceivers": [],
                "smsReceivers": [],
                "webhookReceivers": [],
                "eventHubReceivers": [],
                "itsmReceivers": [],
                "azureAppPushReceivers": [],
                "automationRunbookReceivers": [],
                "voiceReceivers": [],
                "logicAppReceivers": [],
                "azureFunctionReceivers": [],
                "armRoleReceivers": [
                    {
                        "name": "Monitoring Contributor",
                        "roleId": "749f88d5-cbae-40b8-bcfc-e573ddc772fa",
                        "useCommonAlertSchema": true
                    },
                    {
                        "name": "Monitoring Reader",
                        "roleId": "43d0d8ad-25c7-4714-9337-8ba259a9fe05",
                        "useCommonAlertSchema": true
                    }
                ]
            }
        },
        {
            "type": "microsoft.insights/components",
            "apiVersion": "2020-02-02",
            "name": "[parameters('components_WebAppSysKit1_name')]",
            "location": "westeurope",
            "tags": {
                "Project": "AzureDevOpsAssignment",
                "Owner": "Fran_M",
                "Environment": "Staging"
            },
            "kind": "web",
            "properties": {
                "Application_Type": "web",
                "Flow_Type": "Redfield",
                "Request_Source": "IbizaWebAppExtensionCreate",
                "RetentionInDays": 90,
                "WorkspaceResourceId": "[parameters('workspaces_DefaultWorkspace_21c6db3b_67f6_4bb5_b321_890a7cfeb2c5_WEU_externalid')]",
                "IngestionMode": "LogAnalytics",
                "publicNetworkAccessForIngestion": "Enabled",
                "publicNetworkAccessForQuery": "Enabled"
            }
        },
        {
            "type": "Microsoft.Sql/servers",
            "apiVersion": "2023-08-01-preview",
            "name": "[parameters('servers_sql_vm_name')]",
            "location": "northeurope",
            "tags": {
                "Project": "AzureDevOpsAssignment",
                "Owner": "Fran_M",
                "Environment": "Staging"
            },
            "kind": "v12.0",
            "properties": {
                "administratorLogin": "CloudSA77cae777",
                "version": "12.0",
                "minimalTlsVersion": "1.2",
                "publicNetworkAccess": "Disabled",
                "administrators": {
                    "administratorType": "ActiveDirectory",
                    "principalType": "User",
                    "login": "franmiljkovic25_gmail.com#EXT#@franmiljkovic25gmail.onmicrosoft.com",
                    "sid": "96129461-2aa1-4603-9b59-3ab20980c7bf",
                    "tenantId": "b7885dfd-8ab2-4482-8eef-6adfafc80865",
                    "azureADOnlyAuthentication": true
                },
                "restrictOutboundNetworkAccess": "Disabled"
            }
        },
        {
            "type": "Microsoft.Web/serverfarms",
            "apiVersion": "2023-12-01",
            "name": "[parameters('serverfarms_ASP_RG01_98bb_name')]",
            "location": "West Europe",
            "tags": {
                "Project": "AzureDevOpsAssignment",
                "Owner": "Fran_M",
                "Environment": "Staging"
            },
            "sku": {
                "name": "F1",
                "tier": "Free",
                "size": "F1",
                "family": "F",
                "capacity": 0
            },
            "kind": "app",
            "properties": {
                "perSiteScaling": false,
                "elasticScaleEnabled": false,
                "maximumElasticWorkerCount": 0,
                "isSpot": false,
                "reserved": false,
                "isXenon": false,
                "hyperV": false,
                "targetWorkerCount": 0,
                "targetWorkerSizeId": 0,
                "zoneRedundant": false
            }
        },
        {
            "type": "microsoft.insights/components/ProactiveDetectionConfigs",
            "apiVersion": "2018-05-01-preview",
            "name": "[concat(parameters('components_WebAppSysKit1_name'), '/degradationindependencyduration')]",
            "location": "westeurope",
            "dependsOn": [
                "[resourceId('microsoft.insights/components', parameters('components_WebAppSysKit1_name'))]"
            ],
            "properties": {
                "ruleDefinitions": {
                    "Name": "degradationindependencyduration",
                    "DisplayName": "Degradation in dependency duration",
                    "Description": "Smart Detection rules notify you of performance anomaly issues.",
                    "HelpUrl": "https://docs.microsoft.com/en-us/azure/application-insights/app-insights-proactive-performance-diagnostics",
                    "IsHidden": false,
                    "IsEnabledByDefault": true,
                    "IsInPreview": false,
                    "SupportsEmailNotifications": true
                },
                "enabled": true,
                "sendEmailsToSubscriptionOwners": true,
                "customEmails": []
            }
        },
        {
            "type": "microsoft.insights/components/ProactiveDetectionConfigs",
            "apiVersion": "2018-05-01-preview",
            "name": "[concat(parameters('components_WebAppSysKit1_name'), '/degradationinserverresponsetime')]",
            "location": "westeurope",
            "dependsOn": [
                "[resourceId('microsoft.insights/components', parameters('components_WebAppSysKit1_name'))]"
            ],
            "properties": {
                "ruleDefinitions": {
                    "Name": "degradationinserverresponsetime",
                    "DisplayName": "Degradation in server response time",
                    "Description": "Smart Detection rules notify you of performance anomaly issues.",
                    "HelpUrl": "https://docs.microsoft.com/en-us/azure/application-insights/app-insights-proactive-performance-diagnostics",
                    "IsHidden": false,
                    "IsEnabledByDefault": true,
                    "IsInPreview": false,
                    "SupportsEmailNotifications": true
                },
                "enabled": true,
                "sendEmailsToSubscriptionOwners": true,
                "customEmails": []
            }
        },
        {
            "type": "microsoft.insights/components/ProactiveDetectionConfigs",
            "apiVersion": "2018-05-01-preview",
            "name": "[concat(parameters('components_WebAppSysKit1_name'), '/digestMailConfiguration')]",
            "location": "westeurope",
            "dependsOn": [
                "[resourceId('microsoft.insights/components', parameters('components_WebAppSysKit1_name'))]"
            ],
            "properties": {
                "ruleDefinitions": {
                    "Name": "digestMailConfiguration",
                    "DisplayName": "Digest Mail Configuration",
                    "Description": "This rule describes the digest mail preferences",
                    "HelpUrl": "www.homail.com",
                    "IsHidden": true,
                    "IsEnabledByDefault": true,
                    "IsInPreview": false,
                    "SupportsEmailNotifications": true
                },
                "enabled": true,
                "sendEmailsToSubscriptionOwners": true,
                "customEmails": []
            }
        },
        {
            "type": "microsoft.insights/components/ProactiveDetectionConfigs",
            "apiVersion": "2018-05-01-preview",
            "name": "[concat(parameters('components_WebAppSysKit1_name'), '/extension_billingdatavolumedailyspikeextension')]",
            "location": "westeurope",
            "dependsOn": [
                "[resourceId('microsoft.insights/components', parameters('components_WebAppSysKit1_name'))]"
            ],
            "properties": {
                "ruleDefinitions": {
                    "Name": "extension_billingdatavolumedailyspikeextension",
                    "DisplayName": "Abnormal rise in daily data volume (preview)",
                    "Description": "This detection rule automatically analyzes the billing data generated by your application, and can warn you about an unusual increase in your application's billing costs",
                    "HelpUrl": "https://github.com/Microsoft/ApplicationInsights-Home/tree/master/SmartDetection/billing-data-volume-daily-spike.md",
                    "IsHidden": false,
                    "IsEnabledByDefault": true,
                    "IsInPreview": true,
                    "SupportsEmailNotifications": false
                },
                "enabled": true,
                "sendEmailsToSubscriptionOwners": true,
                "customEmails": []
            }
        },
        {
            "type": "microsoft.insights/components/ProactiveDetectionConfigs",
            "apiVersion": "2018-05-01-preview",
            "name": "[concat(parameters('components_WebAppSysKit1_name'), '/extension_canaryextension')]",
            "location": "westeurope",
            "dependsOn": [
                "[resourceId('microsoft.insights/components', parameters('components_WebAppSysKit1_name'))]"
            ],
            "properties": {
                "ruleDefinitions": {
                    "Name": "extension_canaryextension",
                    "DisplayName": "Canary extension",
                    "Description": "Canary extension",
                    "HelpUrl": "https://github.com/Microsoft/ApplicationInsights-Home/blob/master/SmartDetection/",
                    "IsHidden": true,
                    "IsEnabledByDefault": true,
                    "IsInPreview": true,
                    "SupportsEmailNotifications": false
                },
                "enabled": true,
                "sendEmailsToSubscriptionOwners": true,
                "customEmails": []
            }
        },
        {
            "type": "microsoft.insights/components/ProactiveDetectionConfigs",
            "apiVersion": "2018-05-01-preview",
            "name": "[concat(parameters('components_WebAppSysKit1_name'), '/extension_exceptionchangeextension')]",
            "location": "westeurope",
            "dependsOn": [
                "[resourceId('microsoft.insights/components', parameters('components_WebAppSysKit1_name'))]"
            ],
            "properties": {
                "ruleDefinitions": {
                    "Name": "extension_exceptionchangeextension",
                    "DisplayName": "Abnormal rise in exception volume (preview)",
                    "Description": "This detection rule automatically analyzes the exceptions thrown in your application, and can warn you about unusual patterns in your exception telemetry.",
                    "HelpUrl": "https://github.com/Microsoft/ApplicationInsights-Home/blob/master/SmartDetection/abnormal-rise-in-exception-volume.md",
                    "IsHidden": false,
                    "IsEnabledByDefault": true,
                    "IsInPreview": true,
                    "SupportsEmailNotifications": false
                },
                "enabled": true,
                "sendEmailsToSubscriptionOwners": true,
                "customEmails": []
            }
        },
        {
            "type": "microsoft.insights/components/ProactiveDetectionConfigs",
            "apiVersion": "2018-05-01-preview",
            "name": "[concat(parameters('components_WebAppSysKit1_name'), '/extension_memoryleakextension')]",
            "location": "westeurope",
            "dependsOn": [
                "[resourceId('microsoft.insights/components', parameters('components_WebAppSysKit1_name'))]"
            ],
            "properties": {
                "ruleDefinitions": {
                    "Name": "extension_memoryleakextension",
                    "DisplayName": "Potential memory leak detected (preview)",
                    "Description": "This detection rule automatically analyzes the memory consumption of each process in your application, and can warn you about potential memory leaks or increased memory consumption.",
                    "HelpUrl": "https://github.com/Microsoft/ApplicationInsights-Home/tree/master/SmartDetection/memory-leak.md",
                    "IsHidden": false,
                    "IsEnabledByDefault": true,
                    "IsInPreview": true,
                    "SupportsEmailNotifications": false
                },
                "enabled": true,
                "sendEmailsToSubscriptionOwners": true,
                "customEmails": []
            }
        },
        {
            "type": "microsoft.insights/components/ProactiveDetectionConfigs",
            "apiVersion": "2018-05-01-preview",
            "name": "[concat(parameters('components_WebAppSysKit1_name'), '/extension_securityextensionspackage')]",
            "location": "westeurope",
            "dependsOn": [
                "[resourceId('microsoft.insights/components', parameters('components_WebAppSysKit1_name'))]"
            ],
            "properties": {
                "ruleDefinitions": {
                    "Name": "extension_securityextensionspackage",
                    "DisplayName": "Potential security issue detected (preview)",
                    "Description": "This detection rule automatically analyzes the telemetry generated by your application and detects potential security issues.",
                    "HelpUrl": "https://github.com/Microsoft/ApplicationInsights-Home/blob/master/SmartDetection/application-security-detection-pack.md",
                    "IsHidden": false,
                    "IsEnabledByDefault": true,
                    "IsInPreview": true,
                    "SupportsEmailNotifications": false
                },
                "enabled": true,
                "sendEmailsToSubscriptionOwners": true,
                "customEmails": []
            }
        },
        {
            "type": "microsoft.insights/components/ProactiveDetectionConfigs",
            "apiVersion": "2018-05-01-preview",
            "name": "[concat(parameters('components_WebAppSysKit1_name'), '/extension_traceseveritydetector')]",
            "location": "westeurope",
            "dependsOn": [
                "[resourceId('microsoft.insights/components', parameters('components_WebAppSysKit1_name'))]"
            ],
            "properties": {
                "ruleDefinitions": {
                    "Name": "extension_traceseveritydetector",
                    "DisplayName": "Degradation in trace severity ratio (preview)",
                    "Description": "This detection rule automatically analyzes the trace logs emitted from your application, and can warn you about unusual patterns in the severity of your trace telemetry.",
                    "HelpUrl": "https://github.com/Microsoft/ApplicationInsights-Home/blob/master/SmartDetection/degradation-in-trace-severity-ratio.md",
                    "IsHidden": false,
                    "IsEnabledByDefault": true,
                    "IsInPreview": true,
                    "SupportsEmailNotifications": false
                },
                "enabled": true,
                "sendEmailsToSubscriptionOwners": true,
                "customEmails": []
            }
        },
        {
            "type": "microsoft.insights/components/ProactiveDetectionConfigs",
            "apiVersion": "2018-05-01-preview",
            "name": "[concat(parameters('components_WebAppSysKit1_name'), '/longdependencyduration')]",
            "location": "westeurope",
            "dependsOn": [
                "[resourceId('microsoft.insights/components', parameters('components_WebAppSysKit1_name'))]"
            ],
            "properties": {
                "ruleDefinitions": {
                    "Name": "longdependencyduration",
                    "DisplayName": "Long dependency duration",
                    "Description": "Smart Detection rules notify you of performance anomaly issues.",
                    "HelpUrl": "https://docs.microsoft.com/en-us/azure/application-insights/app-insights-proactive-performance-diagnostics",
                    "IsHidden": false,
                    "IsEnabledByDefault": true,
                    "IsInPreview": false,
                    "SupportsEmailNotifications": true
                },
                "enabled": true,
                "sendEmailsToSubscriptionOwners": true,
                "customEmails": []
            }
        },
        {
            "type": "microsoft.insights/components/ProactiveDetectionConfigs",
            "apiVersion": "2018-05-01-preview",
            "name": "[concat(parameters('components_WebAppSysKit1_name'), '/migrationToAlertRulesCompleted')]",
            "location": "westeurope",
            "dependsOn": [
                "[resourceId('microsoft.insights/components', parameters('components_WebAppSysKit1_name'))]"
            ],
            "properties": {
                "ruleDefinitions": {
                    "Name": "migrationToAlertRulesCompleted",
                    "DisplayName": "Migration To Alert Rules Completed",
                    "Description": "A configuration that controls the migration state of Smart Detection to Smart Alerts",
                    "HelpUrl": "https://docs.microsoft.com/en-us/azure/application-insights/app-insights-proactive-performance-diagnostics",
                    "IsHidden": true,
                    "IsEnabledByDefault": false,
                    "IsInPreview": true,
                    "SupportsEmailNotifications": false
                },
                "enabled": false,
                "sendEmailsToSubscriptionOwners": true,
                "customEmails": []
            }
        },
        {
            "type": "microsoft.insights/components/ProactiveDetectionConfigs",
            "apiVersion": "2018-05-01-preview",
            "name": "[concat(parameters('components_WebAppSysKit1_name'), '/slowpageloadtime')]",
            "location": "westeurope",
            "dependsOn": [
                "[resourceId('microsoft.insights/components', parameters('components_WebAppSysKit1_name'))]"
            ],
            "properties": {
                "ruleDefinitions": {
                    "Name": "slowpageloadtime",
                    "DisplayName": "Slow page load time",
                    "Description": "Smart Detection rules notify you of performance anomaly issues.",
                    "HelpUrl": "https://docs.microsoft.com/en-us/azure/application-insights/app-insights-proactive-performance-diagnostics",
                    "IsHidden": false,
                    "IsEnabledByDefault": true,
                    "IsInPreview": false,
                    "SupportsEmailNotifications": true
                },
                "enabled": true,
                "sendEmailsToSubscriptionOwners": true,
                "customEmails": []
            }
        },
        {
            "type": "microsoft.insights/components/ProactiveDetectionConfigs",
            "apiVersion": "2018-05-01-preview",
            "name": "[concat(parameters('components_WebAppSysKit1_name'), '/slowserverresponsetime')]",
            "location": "westeurope",
            "dependsOn": [
                "[resourceId('microsoft.insights/components', parameters('components_WebAppSysKit1_name'))]"
            ],
            "properties": {
                "ruleDefinitions": {
                    "Name": "slowserverresponsetime",
                    "DisplayName": "Slow server response time",
                    "Description": "Smart Detection rules notify you of performance anomaly issues.",
                    "HelpUrl": "https://docs.microsoft.com/en-us/azure/application-insights/app-insights-proactive-performance-diagnostics",
                    "IsHidden": false,
                    "IsEnabledByDefault": true,
                    "IsInPreview": false,
                    "SupportsEmailNotifications": true
                },
                "enabled": true,
                "sendEmailsToSubscriptionOwners": true,
                "customEmails": []
            }
        },
        {
            "type": "Microsoft.Sql/servers/administrators",
            "apiVersion": "2023-08-01-preview",
            "name": "[concat(parameters('servers_sql_vm_name'), '/ActiveDirectory')]",
            "dependsOn": [
                "[resourceId('Microsoft.Sql/servers', parameters('servers_sql_vm_name'))]"
            ],
            "properties": {
                "administratorType": "ActiveDirectory",
                "login": "franmiljkovic25_gmail.com#EXT#@franmiljkovic25gmail.onmicrosoft.com",
                "sid": "96129461-2aa1-4603-9b59-3ab20980c7bf",
                "tenantId": "b7885dfd-8ab2-4482-8eef-6adfafc80865"
            }
        },
        {
            "type": "Microsoft.Sql/servers/advancedThreatProtectionSettings",
            "apiVersion": "2023-08-01-preview",
            "name": "[concat(parameters('servers_sql_vm_name'), '/Default')]",
            "dependsOn": [
                "[resourceId('Microsoft.Sql/servers', parameters('servers_sql_vm_name'))]"
            ],
            "properties": {
                "state": "Disabled"
            }
        },
        {
            "type": "Microsoft.Sql/servers/advisors",
            "apiVersion": "2014-04-01",
            "name": "[concat(parameters('servers_sql_vm_name'), '/CreateIndex')]",
            "dependsOn": [
                "[resourceId('Microsoft.Sql/servers', parameters('servers_sql_vm_name'))]"
            ],
            "properties": {
                "autoExecuteValue": "Disabled"
            }
        },
        {
            "type": "Microsoft.Sql/servers/advisors",
            "apiVersion": "2014-04-01",
            "name": "[concat(parameters('servers_sql_vm_name'), '/DbParameterization')]",
            "dependsOn": [
                "[resourceId('Microsoft.Sql/servers', parameters('servers_sql_vm_name'))]"
            ],
            "properties": {
                "autoExecuteValue": "Disabled"
            }
        },
        {
            "type": "Microsoft.Sql/servers/advisors",
            "apiVersion": "2014-04-01",
            "name": "[concat(parameters('servers_sql_vm_name'), '/DefragmentIndex')]",
            "dependsOn": [
                "[resourceId('Microsoft.Sql/servers', parameters('servers_sql_vm_name'))]"
            ],
            "properties": {
                "autoExecuteValue": "Disabled"
            }
        },
        {
            "type": "Microsoft.Sql/servers/advisors",
            "apiVersion": "2014-04-01",
            "name": "[concat(parameters('servers_sql_vm_name'), '/DropIndex')]",
            "dependsOn": [
                "[resourceId('Microsoft.Sql/servers', parameters('servers_sql_vm_name'))]"
            ],
            "properties": {
                "autoExecuteValue": "Disabled"
            }
        },
        {
            "type": "Microsoft.Sql/servers/advisors",
            "apiVersion": "2014-04-01",
            "name": "[concat(parameters('servers_sql_vm_name'), '/ForceLastGoodPlan')]",
            "dependsOn": [
                "[resourceId('Microsoft.Sql/servers', parameters('servers_sql_vm_name'))]"
            ],
            "properties": {
                "autoExecuteValue": "Enabled"
            }
        },
        {
            "type": "Microsoft.Sql/servers/auditingPolicies",
            "apiVersion": "2014-04-01",
            "name": "[concat(parameters('servers_sql_vm_name'), '/Default')]",
            "location": "North Europe",
            "dependsOn": [
                "[resourceId('Microsoft.Sql/servers', parameters('servers_sql_vm_name'))]"
            ],
            "properties": {
                "auditingState": "Disabled"
            }
        },
        {
            "type": "Microsoft.Sql/servers/auditingSettings",
            "apiVersion": "2023-08-01-preview",
            "name": "[concat(parameters('servers_sql_vm_name'), '/Default')]",
            "dependsOn": [
                "[resourceId('Microsoft.Sql/servers', parameters('servers_sql_vm_name'))]"
            ],
            "properties": {
                "retentionDays": 0,
                "auditActionsAndGroups": [],
                "isStorageSecondaryKeyInUse": false,
                "isAzureMonitorTargetEnabled": false,
                "isManagedIdentityInUse": false,
                "state": "Disabled",
                "storageAccountSubscriptionId": "00000000-0000-0000-0000-000000000000"
            }
        },
        {
            "type": "Microsoft.Sql/servers/azureADOnlyAuthentications",
            "apiVersion": "2023-08-01-preview",
            "name": "[concat(parameters('servers_sql_vm_name'), '/Default')]",
            "dependsOn": [
                "[resourceId('Microsoft.Sql/servers', parameters('servers_sql_vm_name'))]"
            ],
            "properties": {
                "azureADOnlyAuthentication": true
            }
        },
        {
            "type": "Microsoft.Sql/servers/connectionPolicies",
            "apiVersion": "2023-08-01-preview",
            "name": "[concat(parameters('servers_sql_vm_name'), '/default')]",
            "location": "northeurope",
            "dependsOn": [
                "[resourceId('Microsoft.Sql/servers', parameters('servers_sql_vm_name'))]"
            ],
            "properties": {
                "connectionType": "Default"
            }
        },
        {
            "type": "Microsoft.Sql/servers/databases",
            "apiVersion": "2023-08-01-preview",
            "name": "[concat(parameters('servers_sql_vm_name'), '/Database1')]",
            "location": "northeurope",
            "dependsOn": [
                "[resourceId('Microsoft.Sql/servers', parameters('servers_sql_vm_name'))]"
            ],
            "tags": {
                "Project": "AzureDevOpsAssignment",
                "Owner": "Fran_M",
                "Environment": "Staging"
            },
            "sku": {
                "name": "GP_S_Gen5",
                "tier": "GeneralPurpose",
                "family": "Gen5",
                "capacity": 1
            },
            "kind": "v12.0,user,vcore,serverless",
            "properties": {
                "collation": "SQL_Latin1_General_CP1_CI_AS",
                "maxSizeBytes": 34359738368,
                "catalogCollation": "SQL_Latin1_General_CP1_CI_AS",
                "zoneRedundant": false,
                "readScale": "Disabled",
                "autoPauseDelay": 60,
                "requestedBackupStorageRedundancy": "Geo",
                "minCapacity": 0.5,
                "maintenanceConfigurationId": "/subscriptions/21c6db3b-67f6-4bb5-b321-890a7cfeb2c5/providers/Microsoft.Maintenance/publicMaintenanceConfigurations/SQL_Default",
                "isLedgerOn": false,
                "availabilityZone": "NoPreference"
            }
        },
        {
            "type": "Microsoft.Sql/servers/databases",
            "apiVersion": "2023-08-01-preview",
            "name": "[concat(parameters('servers_sql_vm_name'), '/Database2')]",
            "location": "northeurope",
            "dependsOn": [
                "[resourceId('Microsoft.Sql/servers', parameters('servers_sql_vm_name'))]"
            ],
            "tags": {
                "Project": "AzureDevOpsAssignment",
                "Owner": "Fran_M",
                "Environment": "Staging"
            },
            "sku": {
                "name": "GP_S_Gen5",
                "tier": "GeneralPurpose",
                "family": "Gen5",
                "capacity": 1
            },
            "kind": "v12.0,user,vcore,serverless",
            "properties": {
                "collation": "SQL_Latin1_General_CP1_CI_AS",
                "maxSizeBytes": 34359738368,
                "catalogCollation": "SQL_Latin1_General_CP1_CI_AS",
                "zoneRedundant": false,
                "readScale": "Disabled",
                "autoPauseDelay": 60,
                "requestedBackupStorageRedundancy": "Geo",
                "minCapacity": 0.5,
                "maintenanceConfigurationId": "/subscriptions/21c6db3b-67f6-4bb5-b321-890a7cfeb2c5/providers/Microsoft.Maintenance/publicMaintenanceConfigurations/SQL_Default",
                "isLedgerOn": false,
                "availabilityZone": "NoPreference"
            }
        },
        {
            "type": "Microsoft.Sql/servers/databases",
            "apiVersion": "2023-08-01-preview",
            "name": "[concat(parameters('servers_sql_vm_name'), '/Database3')]",
            "location": "northeurope",
            "dependsOn": [
                "[resourceId('Microsoft.Sql/servers', parameters('servers_sql_vm_name'))]"
            ],
            "tags": {
                "Project": "AzureDevOpsAssignment",
                "Owner": "Fran_M",
                "Environment": "Staging"
            },
            "sku": {
                "name": "GP_S_Gen5",
                "tier": "GeneralPurpose",
                "family": "Gen5",
                "capacity": 1
            },
            "kind": "v12.0,user,vcore,serverless",
            "properties": {
                "collation": "SQL_Latin1_General_CP1_CI_AS",
                "maxSizeBytes": 34359738368,
                "catalogCollation": "SQL_Latin1_General_CP1_CI_AS",
                "zoneRedundant": false,
                "readScale": "Disabled",
                "autoPauseDelay": 60,
                "requestedBackupStorageRedundancy": "Geo",
                "minCapacity": 0.5,
                "maintenanceConfigurationId": "/subscriptions/21c6db3b-67f6-4bb5-b321-890a7cfeb2c5/providers/Microsoft.Maintenance/publicMaintenanceConfigurations/SQL_Default",
                "isLedgerOn": false,
                "availabilityZone": "NoPreference"
            }
        },
        {
            "type": "Microsoft.Sql/servers/databases/advancedThreatProtectionSettings",
            "apiVersion": "2023-08-01-preview",
            "name": "[concat(parameters('servers_sql_vm_name'), '/master/Default')]",
            "dependsOn": [
                "[resourceId('Microsoft.Sql/servers', parameters('servers_sql_vm_name'))]"
            ],
            "properties": {
                "state": "Disabled"
            }
        },
        {
            "type": "Microsoft.Sql/servers/databases/auditingPolicies",
            "apiVersion": "2014-04-01",
            "name": "[concat(parameters('servers_sql_vm_name'), '/master/Default')]",
            "location": "North Europe",
            "dependsOn": [
                "[resourceId('Microsoft.Sql/servers', parameters('servers_sql_vm_name'))]"
            ],
            "properties": {
                "auditingState": "Disabled"
            }
        },
        {
            "type": "Microsoft.Sql/servers/databases/auditingSettings",
            "apiVersion": "2023-08-01-preview",
            "name": "[concat(parameters('servers_sql_vm_name'), '/master/Default')]",
            "dependsOn": [
                "[resourceId('Microsoft.Sql/servers', parameters('servers_sql_vm_name'))]"
            ],
            "properties": {
                "retentionDays": 0,
                "isAzureMonitorTargetEnabled": false,
                "state": "Disabled",
                "storageAccountSubscriptionId": "00000000-0000-0000-0000-000000000000"
            }
        },
        {
            "type": "Microsoft.Sql/servers/databases/extendedAuditingSettings",
            "apiVersion": "2023-08-01-preview",
            "name": "[concat(parameters('servers_sql_vm_name'), '/master/Default')]",
            "dependsOn": [
                "[resourceId('Microsoft.Sql/servers', parameters('servers_sql_vm_name'))]"
            ],
            "properties": {
                "retentionDays": 0,
                "isAzureMonitorTargetEnabled": false,
                "state": "Disabled",
                "storageAccountSubscriptionId": "00000000-0000-0000-0000-000000000000"
            }
        },
        {
            "type": "Microsoft.Sql/servers/databases/geoBackupPolicies",
            "apiVersion": "2023-08-01-preview",
            "name": "[concat(parameters('servers_sql_vm_name'), '/master/Default')]",
            "dependsOn": [
                "[resourceId('Microsoft.Sql/servers', parameters('servers_sql_vm_name'))]"
            ],
            "properties": {
                "state": "Disabled"
            }
        },
        {
            "type": "Microsoft.Sql/servers/databases/ledgerDigestUploads",
            "apiVersion": "2023-08-01-preview",
            "name": "[concat(parameters('servers_sql_vm_name'), '/master/Current')]",
            "dependsOn": [
                "[resourceId('Microsoft.Sql/servers', parameters('servers_sql_vm_name'))]"
            ],
            "properties": {}
        },
        {
            "type": "Microsoft.Sql/servers/databases/securityAlertPolicies",
            "apiVersion": "2023-08-01-preview",
            "name": "[concat(parameters('servers_sql_vm_name'), '/master/Default')]",
            "dependsOn": [
                "[resourceId('Microsoft.Sql/servers', parameters('servers_sql_vm_name'))]"
            ],
            "properties": {
                "state": "Disabled",
                "disabledAlerts": [
                    ""
                ],
                "emailAddresses": [
                    ""
                ],
                "emailAccountAdmins": false,
                "retentionDays": 0
            }
        },
        {
            "type": "Microsoft.Sql/servers/databases/transparentDataEncryption",
            "apiVersion": "2023-08-01-preview",
            "name": "[concat(parameters('servers_sql_vm_name'), '/master/Current')]",
            "dependsOn": [
                "[resourceId('Microsoft.Sql/servers', parameters('servers_sql_vm_name'))]"
            ],
            "properties": {
                "state": "Disabled"
            }
        },
        {
            "type": "Microsoft.Sql/servers/databases/vulnerabilityAssessments",
            "apiVersion": "2023-08-01-preview",
            "name": "[concat(parameters('servers_sql_vm_name'), '/master/Default')]",
            "dependsOn": [
                "[resourceId('Microsoft.Sql/servers', parameters('servers_sql_vm_name'))]"
            ],
            "properties": {
                "recurringScans": {
                    "isEnabled": false,
                    "emailSubscriptionAdmins": true
                }
            }
        },
        {
            "type": "Microsoft.Sql/servers/devOpsAuditingSettings",
            "apiVersion": "2023-08-01-preview",
            "name": "[concat(parameters('servers_sql_vm_name'), '/Default')]",
            "dependsOn": [
                "[resourceId('Microsoft.Sql/servers', parameters('servers_sql_vm_name'))]"
            ],
            "properties": {
                "isAzureMonitorTargetEnabled": false,
                "isManagedIdentityInUse": false,
                "state": "Disabled",
                "storageAccountSubscriptionId": "00000000-0000-0000-0000-000000000000"
            }
        },
        {
            "type": "Microsoft.Sql/servers/encryptionProtector",
            "apiVersion": "2023-08-01-preview",
            "name": "[concat(parameters('servers_sql_vm_name'), '/current')]",
            "dependsOn": [
                "[resourceId('Microsoft.Sql/servers', parameters('servers_sql_vm_name'))]"
            ],
            "kind": "servicemanaged",
            "properties": {
                "serverKeyName": "ServiceManaged",
                "serverKeyType": "ServiceManaged",
                "autoRotationEnabled": false
            }
        },
        {
            "type": "Microsoft.Sql/servers/extendedAuditingSettings",
            "apiVersion": "2023-08-01-preview",
            "name": "[concat(parameters('servers_sql_vm_name'), '/Default')]",
            "dependsOn": [
                "[resourceId('Microsoft.Sql/servers', parameters('servers_sql_vm_name'))]"
            ],
            "properties": {
                "retentionDays": 0,
                "auditActionsAndGroups": [],
                "isStorageSecondaryKeyInUse": false,
                "isAzureMonitorTargetEnabled": false,
                "isManagedIdentityInUse": false,
                "state": "Disabled",
                "storageAccountSubscriptionId": "00000000-0000-0000-0000-000000000000"
            }
        },
        {
            "type": "Microsoft.Sql/servers/keys",
            "apiVersion": "2023-08-01-preview",
            "name": "[concat(parameters('servers_sql_vm_name'), '/ServiceManaged')]",
            "dependsOn": [
                "[resourceId('Microsoft.Sql/servers', parameters('servers_sql_vm_name'))]"
            ],
            "kind": "servicemanaged",
            "properties": {
                "serverKeyType": "ServiceManaged"
            }
        },
        {
            "type": "Microsoft.Sql/servers/securityAlertPolicies",
            "apiVersion": "2023-08-01-preview",
            "name": "[concat(parameters('servers_sql_vm_name'), '/Default')]",
            "dependsOn": [
                "[resourceId('Microsoft.Sql/servers', parameters('servers_sql_vm_name'))]"
            ],
            "properties": {
                "state": "Disabled",
                "disabledAlerts": [
                    ""
                ],
                "emailAddresses": [
                    ""
                ],
                "emailAccountAdmins": false,
                "retentionDays": 0
            }
        },
        {
            "type": "Microsoft.Sql/servers/sqlVulnerabilityAssessments",
            "apiVersion": "2023-08-01-preview",
            "name": "[concat(parameters('servers_sql_vm_name'), '/Default')]",
            "dependsOn": [
                "[resourceId('Microsoft.Sql/servers', parameters('servers_sql_vm_name'))]"
            ],
            "properties": {
                "state": "Disabled"
            }
        },
        {
            "type": "Microsoft.Sql/servers/vulnerabilityAssessments",
            "apiVersion": "2023-08-01-preview",
            "name": "[concat(parameters('servers_sql_vm_name'), '/Default')]",
            "dependsOn": [
                "[resourceId('Microsoft.Sql/servers', parameters('servers_sql_vm_name'))]"
            ],
            "properties": {
                "recurringScans": {
                    "isEnabled": false,
                    "emailSubscriptionAdmins": true
                },
                "storageContainerPath": "[parameters('vulnerabilityAssessments_Default_storageContainerPath')]"
            }
        },
        {
            "type": "Microsoft.Web/sites",
            "apiVersion": "2023-12-01",
            "name": "[parameters('sites_WebAppSysKit1_name')]",
            "location": "West Europe",
            "dependsOn": [
                "[resourceId('Microsoft.Web/serverfarms', parameters('serverfarms_ASP_RG01_98bb_name'))]"
            ],
            "tags": {
                "Project": "AzureDevOpsAssignment",
                "Owner": "Fran_M",
                "Environment": "Staging"
            },
            "kind": "app",
            "properties": {
                "enabled": true,
                "hostNameSslStates": [
                    {
                        "name": "webappsyskit1.azurewebsites.net",
                        "sslState": "Disabled",
                        "hostType": "Standard"
                    },
                    {
                        "name": "webappsyskit1.scm.azurewebsites.net",
                        "sslState": "Disabled",
                        "hostType": "Repository"
                    }
                ],
                "serverFarmId": "[resourceId('Microsoft.Web/serverfarms', parameters('serverfarms_ASP_RG01_98bb_name'))]",
                "reserved": false,
                "isXenon": false,
                "hyperV": false,
                "dnsConfiguration": {},
                "vnetRouteAllEnabled": false,
                "vnetImagePullEnabled": false,
                "vnetContentShareEnabled": false,
                "siteConfig": {
                    "numberOfWorkers": 1,
                    "acrUseManagedIdentityCreds": false,
                    "alwaysOn": false,
                    "http20Enabled": false,
                    "functionAppScaleLimit": 0,
                    "minimumElasticInstanceCount": 0
                },
                "scmSiteAlsoStopped": false,
                "clientAffinityEnabled": true,
                "clientCertEnabled": false,
                "clientCertMode": "Required",
                "hostNamesDisabled": false,
                "vnetBackupRestoreEnabled": false,
                "customDomainVerificationId": "A3AE5CF1A9C12E7FA550905898C7FD1DD59A2763DB47F36B565FBD47B16C744C",
                "containerSize": 0,
                "dailyMemoryTimeQuota": 0,
                "httpsOnly": true,
                "redundancyMode": "None",
                "publicNetworkAccess": "Enabled",
                "storageAccountRequired": false,
                "keyVaultReferenceIdentity": "SystemAssigned"
            }
        },
        {
            "type": "Microsoft.Web/sites",
            "apiVersion": "2023-12-01",
            "name": "[parameters('sites_WebAppSysKit2_name')]",
            "location": "West Europe",
            "dependsOn": [
                "[resourceId('Microsoft.Web/serverfarms', parameters('serverfarms_ASP_RG01_98bb_name'))]"
            ],
            "tags": {
                "Project": "AzureDevOpsAssignment",
                "Owner": "Fran_M",
                "Environment": "Staging"
            },
            "kind": "app",
            "properties": {
                "enabled": true,
                "hostNameSslStates": [
                    {
                        "name": "webappsyskit2.azurewebsites.net",
                        "sslState": "Disabled",
                        "hostType": "Standard"
                    },
                    {
                        "name": "webappsyskit2.scm.azurewebsites.net",
                        "sslState": "Disabled",
                        "hostType": "Repository"
                    }
                ],
                "serverFarmId": "[resourceId('Microsoft.Web/serverfarms', parameters('serverfarms_ASP_RG01_98bb_name'))]",
                "reserved": false,
                "isXenon": false,
                "hyperV": false,
                "dnsConfiguration": {},
                "vnetRouteAllEnabled": false,
                "vnetImagePullEnabled": false,
                "vnetContentShareEnabled": false,
                "siteConfig": {
                    "numberOfWorkers": 1,
                    "acrUseManagedIdentityCreds": false,
                    "alwaysOn": false,
                    "http20Enabled": false,
                    "functionAppScaleLimit": 0,
                    "minimumElasticInstanceCount": 0
                },
                "scmSiteAlsoStopped": false,
                "clientAffinityEnabled": true,
                "clientCertEnabled": false,
                "clientCertMode": "Required",
                "hostNamesDisabled": false,
                "vnetBackupRestoreEnabled": false,
                "customDomainVerificationId": "A3AE5CF1A9C12E7FA550905898C7FD1DD59A2763DB47F36B565FBD47B16C744C",
                "containerSize": 0,
                "dailyMemoryTimeQuota": 0,
                "httpsOnly": true,
                "redundancyMode": "None",
                "publicNetworkAccess": "Enabled",
                "storageAccountRequired": false,
                "keyVaultReferenceIdentity": "SystemAssigned"
            }
        },
        {
            "type": "Microsoft.Web/sites",
            "apiVersion": "2023-12-01",
            "name": "[parameters('sites_WebAppSysKit3_name')]",
            "location": "West Europe",
            "dependsOn": [
                "[resourceId('Microsoft.Web/serverfarms', parameters('serverfarms_ASP_RG01_98bb_name'))]"
            ],
            "tags": {
                "Project": "AzureDevOpsAssignment",
                "Owner": "Fran_M",
                "Environment": "Staging"
            },
            "kind": "app",
            "properties": {
                "enabled": true,
                "hostNameSslStates": [
                    {
                        "name": "webappsyskit3.azurewebsites.net",
                        "sslState": "Disabled",
                        "hostType": "Standard"
                    },
                    {
                        "name": "webappsyskit3.scm.azurewebsites.net",
                        "sslState": "Disabled",
                        "hostType": "Repository"
                    }
                ],
                "serverFarmId": "[resourceId('Microsoft.Web/serverfarms', parameters('serverfarms_ASP_RG01_98bb_name'))]",
                "reserved": false,
                "isXenon": false,
                "hyperV": false,
                "dnsConfiguration": {},
                "vnetRouteAllEnabled": false,
                "vnetImagePullEnabled": false,
                "vnetContentShareEnabled": false,
                "siteConfig": {
                    "numberOfWorkers": 1,
                    "acrUseManagedIdentityCreds": false,
                    "alwaysOn": false,
                    "http20Enabled": false,
                    "functionAppScaleLimit": 0,
                    "minimumElasticInstanceCount": 0
                },
                "scmSiteAlsoStopped": false,
                "clientAffinityEnabled": true,
                "clientCertEnabled": false,
                "clientCertMode": "Required",
                "hostNamesDisabled": false,
                "vnetBackupRestoreEnabled": false,
                "customDomainVerificationId": "A3AE5CF1A9C12E7FA550905898C7FD1DD59A2763DB47F36B565FBD47B16C744C",
                "containerSize": 0,
                "dailyMemoryTimeQuota": 0,
                "httpsOnly": true,
                "redundancyMode": "None",
                "publicNetworkAccess": "Enabled",
                "storageAccountRequired": false,
                "keyVaultReferenceIdentity": "SystemAssigned"
            }
        },
        {
            "type": "Microsoft.Web/sites",
            "apiVersion": "2023-12-01",
            "name": "[parameters('sites_WebAppSysKit4_name')]",
            "location": "West Europe",
            "dependsOn": [
                "[resourceId('Microsoft.Web/serverfarms', parameters('serverfarms_ASP_RG01_98bb_name'))]"
            ],
            "tags": {
                "Environment": "Staging",
                "Project": "AzureDevOpsAssignment",
                "Owner": "Fran_M"
            },
            "kind": "app",
            "properties": {
                "enabled": true,
                "hostNameSslStates": [
                    {
                        "name": "webappsyskit4.azurewebsites.net",
                        "sslState": "Disabled",
                        "hostType": "Standard"
                    },
                    {
                        "name": "webappsyskit4.scm.azurewebsites.net",
                        "sslState": "Disabled",
                        "hostType": "Repository"
                    }
                ],
                "serverFarmId": "[resourceId('Microsoft.Web/serverfarms', parameters('serverfarms_ASP_RG01_98bb_name'))]",
                "reserved": false,
                "isXenon": false,
                "hyperV": false,
                "dnsConfiguration": {},
                "vnetRouteAllEnabled": false,
                "vnetImagePullEnabled": false,
                "vnetContentShareEnabled": false,
                "siteConfig": {
                    "numberOfWorkers": 1,
                    "acrUseManagedIdentityCreds": false,
                    "alwaysOn": false,
                    "http20Enabled": false,
                    "functionAppScaleLimit": 0,
                    "minimumElasticInstanceCount": 0
                },
                "scmSiteAlsoStopped": false,
                "clientAffinityEnabled": true,
                "clientCertEnabled": false,
                "clientCertMode": "Required",
                "hostNamesDisabled": false,
                "vnetBackupRestoreEnabled": false,
                "customDomainVerificationId": "A3AE5CF1A9C12E7FA550905898C7FD1DD59A2763DB47F36B565FBD47B16C744C",
                "containerSize": 0,
                "dailyMemoryTimeQuota": 0,
                "httpsOnly": false,
                "redundancyMode": "None",
                "storageAccountRequired": false,
                "keyVaultReferenceIdentity": "SystemAssigned"
            }
        },
        {
            "type": "Microsoft.Web/sites/basicPublishingCredentialsPolicies",
            "apiVersion": "2023-12-01",
            "name": "[concat(parameters('sites_WebAppSysKit1_name'), '/ftp')]",
            "location": "West Europe",
            "dependsOn": [
                "[resourceId('Microsoft.Web/sites', parameters('sites_WebAppSysKit1_name'))]"
            ],
            "tags": {
                "Project": "AzureDevOpsAssignment",
                "Owner": "Fran_M",
                "Environment": "Staging"
            },
            "properties": {
                "allow": false
            }
        },
        {
            "type": "Microsoft.Web/sites/basicPublishingCredentialsPolicies",
            "apiVersion": "2023-12-01",
            "name": "[concat(parameters('sites_WebAppSysKit2_name'), '/ftp')]",
            "location": "West Europe",
            "dependsOn": [
                "[resourceId('Microsoft.Web/sites', parameters('sites_WebAppSysKit2_name'))]"
            ],
            "tags": {
                "Project": "AzureDevOpsAssignment",
                "Owner": "Fran_M",
                "Environment": "Staging"
            },
            "properties": {
                "allow": false
            }
        },
        {
            "type": "Microsoft.Web/sites/basicPublishingCredentialsPolicies",
            "apiVersion": "2023-12-01",
            "name": "[concat(parameters('sites_WebAppSysKit3_name'), '/ftp')]",
            "location": "West Europe",
            "dependsOn": [
                "[resourceId('Microsoft.Web/sites', parameters('sites_WebAppSysKit3_name'))]"
            ],
            "tags": {
                "Project": "AzureDevOpsAssignment",
                "Owner": "Fran_M",
                "Environment": "Staging"
            },
            "properties": {
                "allow": false
            }
        },
        {
            "type": "Microsoft.Web/sites/basicPublishingCredentialsPolicies",
            "apiVersion": "2023-12-01",
            "name": "[concat(parameters('sites_WebAppSysKit4_name'), '/ftp')]",
            "location": "West Europe",
            "dependsOn": [
                "[resourceId('Microsoft.Web/sites', parameters('sites_WebAppSysKit4_name'))]"
            ],
            "tags": {
                "Environment": "Staging",
                "Project": "AzureDevOpsAssignment",
                "Owner": "Fran_M"
            },
            "properties": {
                "allow": true
            }
        },
        {
            "type": "Microsoft.Web/sites/basicPublishingCredentialsPolicies",
            "apiVersion": "2023-12-01",
            "name": "[concat(parameters('sites_WebAppSysKit1_name'), '/scm')]",
            "location": "West Europe",
            "dependsOn": [
                "[resourceId('Microsoft.Web/sites', parameters('sites_WebAppSysKit1_name'))]"
            ],
            "tags": {
                "Project": "AzureDevOpsAssignment",
                "Owner": "Fran_M",
                "Environment": "Staging"
            },
            "properties": {
                "allow": false
            }
        },
        {
            "type": "Microsoft.Web/sites/basicPublishingCredentialsPolicies",
            "apiVersion": "2023-12-01",
            "name": "[concat(parameters('sites_WebAppSysKit2_name'), '/scm')]",
            "location": "West Europe",
            "dependsOn": [
                "[resourceId('Microsoft.Web/sites', parameters('sites_WebAppSysKit2_name'))]"
            ],
            "tags": {
                "Project": "AzureDevOpsAssignment",
                "Owner": "Fran_M",
                "Environment": "Staging"
            },
            "properties": {
                "allow": false
            }
        },
        {
            "type": "Microsoft.Web/sites/basicPublishingCredentialsPolicies",
            "apiVersion": "2023-12-01",
            "name": "[concat(parameters('sites_WebAppSysKit3_name'), '/scm')]",
            "location": "West Europe",
            "dependsOn": [
                "[resourceId('Microsoft.Web/sites', parameters('sites_WebAppSysKit3_name'))]"
            ],
            "tags": {
                "Project": "AzureDevOpsAssignment",
                "Owner": "Fran_M",
                "Environment": "Staging"
            },
            "properties": {
                "allow": false
            }
        },
        {
            "type": "Microsoft.Web/sites/basicPublishingCredentialsPolicies",
            "apiVersion": "2023-12-01",
            "name": "[concat(parameters('sites_WebAppSysKit4_name'), '/scm')]",
            "location": "West Europe",
            "dependsOn": [
                "[resourceId('Microsoft.Web/sites', parameters('sites_WebAppSysKit4_name'))]"
            ],
            "tags": {
                "Environment": "Staging",
                "Project": "AzureDevOpsAssignment",
                "Owner": "Fran_M"
            },
            "properties": {
                "allow": true
            }
        },
        {
            "type": "Microsoft.Web/sites/config",
            "apiVersion": "2023-12-01",
            "name": "[concat(parameters('sites_WebAppSysKit1_name'), '/web')]",
            "location": "West Europe",
            "dependsOn": [
                "[resourceId('Microsoft.Web/sites', parameters('sites_WebAppSysKit1_name'))]"
            ],
            "tags": {
                "Project": "AzureDevOpsAssignment",
                "Owner": "Fran_M",
                "Environment": "Staging"
            },
            "properties": {
                "numberOfWorkers": 1,
                "defaultDocuments": [
                    "Default.htm",
                    "Default.html",
                    "Default.asp",
                    "index.htm",
                    "index.html",
                    "iisstart.htm",
                    "default.aspx",
                    "index.php",
                    "hostingstart.html"
                ],
                "netFrameworkVersion": "v4.0",
                "requestTracingEnabled": false,
                "remoteDebuggingEnabled": false,
                "httpLoggingEnabled": false,
                "acrUseManagedIdentityCreds": false,
                "logsDirectorySizeLimit": 35,
                "detailedErrorLoggingEnabled": false,
                "publishingUsername": "$WebAppSysKit1",
                "scmType": "None",
                "use32BitWorkerProcess": true,
                "webSocketsEnabled": false,
                "alwaysOn": false,
                "managedPipelineMode": "Integrated",
                "virtualApplications": [
                    {
                        "virtualPath": "/",
                        "physicalPath": "site\\wwwroot",
                        "preloadEnabled": false
                    }
                ],
                "loadBalancing": "LeastRequests",
                "experiments": {
                    "rampUpRules": []
                },
                "autoHealEnabled": false,
                "vnetRouteAllEnabled": false,
                "vnetPrivatePortsCount": 0,
                "publicNetworkAccess": "Enabled",
                "localMySqlEnabled": false,
                "ipSecurityRestrictions": [
                    {
                        "ipAddress": "Any",
                        "action": "Allow",
                        "priority": 2147483647,
                        "name": "Allow all",
                        "description": "Allow all access"
                    }
                ],
                "scmIpSecurityRestrictions": [
                    {
                        "ipAddress": "Any",
                        "action": "Allow",
                        "priority": 2147483647,
                        "name": "Allow all",
                        "description": "Allow all access"
                    }
                ],
                "scmIpSecurityRestrictionsUseMain": false,
                "http20Enabled": false,
                "minTlsVersion": "1.2",
                "scmMinTlsVersion": "1.2",
                "ftpsState": "FtpsOnly",
                "preWarmedInstanceCount": 0,
                "elasticWebAppScaleLimit": 0,
                "functionsRuntimeScaleMonitoringEnabled": false,
                "minimumElasticInstanceCount": 0,
                "azureStorageAccounts": {}
            }
        },
        {
            "type": "Microsoft.Web/sites/config",
            "apiVersion": "2023-12-01",
            "name": "[concat(parameters('sites_WebAppSysKit2_name'), '/web')]",
            "location": "West Europe",
            "dependsOn": [
                "[resourceId('Microsoft.Web/sites', parameters('sites_WebAppSysKit2_name'))]"
            ],
            "tags": {
                "Project": "AzureDevOpsAssignment",
                "Owner": "Fran_M",
                "Environment": "Staging"
            },
            "properties": {
                "numberOfWorkers": 1,
                "defaultDocuments": [
                    "Default.htm",
                    "Default.html",
                    "Default.asp",
                    "index.htm",
                    "index.html",
                    "iisstart.htm",
                    "default.aspx",
                    "index.php",
                    "hostingstart.html"
                ],
                "netFrameworkVersion": "v4.0",
                "requestTracingEnabled": false,
                "remoteDebuggingEnabled": false,
                "httpLoggingEnabled": false,
                "acrUseManagedIdentityCreds": false,
                "logsDirectorySizeLimit": 35,
                "detailedErrorLoggingEnabled": false,
                "publishingUsername": "$WebAppSysKit2",
                "scmType": "None",
                "use32BitWorkerProcess": true,
                "webSocketsEnabled": false,
                "alwaysOn": false,
                "managedPipelineMode": "Integrated",
                "virtualApplications": [
                    {
                        "virtualPath": "/",
                        "physicalPath": "site\\wwwroot",
                        "preloadEnabled": false
                    }
                ],
                "loadBalancing": "LeastRequests",
                "experiments": {
                    "rampUpRules": []
                },
                "autoHealEnabled": false,
                "vnetRouteAllEnabled": false,
                "vnetPrivatePortsCount": 0,
                "publicNetworkAccess": "Enabled",
                "localMySqlEnabled": false,
                "ipSecurityRestrictions": [
                    {
                        "ipAddress": "Any",
                        "action": "Allow",
                        "priority": 2147483647,
                        "name": "Allow all",
                        "description": "Allow all access"
                    }
                ],
                "scmIpSecurityRestrictions": [
                    {
                        "ipAddress": "Any",
                        "action": "Allow",
                        "priority": 2147483647,
                        "name": "Allow all",
                        "description": "Allow all access"
                    }
                ],
                "scmIpSecurityRestrictionsUseMain": false,
                "http20Enabled": false,
                "minTlsVersion": "1.2",
                "scmMinTlsVersion": "1.2",
                "ftpsState": "FtpsOnly",
                "preWarmedInstanceCount": 0,
                "elasticWebAppScaleLimit": 0,
                "functionsRuntimeScaleMonitoringEnabled": false,
                "minimumElasticInstanceCount": 0,
                "azureStorageAccounts": {}
            }
        },
        {
            "type": "Microsoft.Web/sites/config",
            "apiVersion": "2023-12-01",
            "name": "[concat(parameters('sites_WebAppSysKit3_name'), '/web')]",
            "location": "West Europe",
            "dependsOn": [
                "[resourceId('Microsoft.Web/sites', parameters('sites_WebAppSysKit3_name'))]"
            ],
            "tags": {
                "Project": "AzureDevOpsAssignment",
                "Owner": "Fran_M",
                "Environment": "Staging"
            },
            "properties": {
                "numberOfWorkers": 1,
                "defaultDocuments": [
                    "Default.htm",
                    "Default.html",
                    "Default.asp",
                    "index.htm",
                    "index.html",
                    "iisstart.htm",
                    "default.aspx",
                    "index.php",
                    "hostingstart.html"
                ],
                "netFrameworkVersion": "v4.0",
                "requestTracingEnabled": false,
                "remoteDebuggingEnabled": false,
                "httpLoggingEnabled": false,
                "acrUseManagedIdentityCreds": false,
                "logsDirectorySizeLimit": 35,
                "detailedErrorLoggingEnabled": false,
                "publishingUsername": "$WebAppSysKit3",
                "scmType": "None",
                "use32BitWorkerProcess": true,
                "webSocketsEnabled": false,
                "alwaysOn": false,
                "managedPipelineMode": "Integrated",
                "virtualApplications": [
                    {
                        "virtualPath": "/",
                        "physicalPath": "site\\wwwroot",
                        "preloadEnabled": false
                    }
                ],
                "loadBalancing": "LeastRequests",
                "experiments": {
                    "rampUpRules": []
                },
                "autoHealEnabled": false,
                "vnetRouteAllEnabled": false,
                "vnetPrivatePortsCount": 0,
                "publicNetworkAccess": "Enabled",
                "localMySqlEnabled": false,
                "ipSecurityRestrictions": [
                    {
                        "ipAddress": "Any",
                        "action": "Allow",
                        "priority": 2147483647,
                        "name": "Allow all",
                        "description": "Allow all access"
                    }
                ],
                "scmIpSecurityRestrictions": [
                    {
                        "ipAddress": "Any",
                        "action": "Allow",
                        "priority": 2147483647,
                        "name": "Allow all",
                        "description": "Allow all access"
                    }
                ],
                "scmIpSecurityRestrictionsUseMain": false,
                "http20Enabled": false,
                "minTlsVersion": "1.2",
                "scmMinTlsVersion": "1.2",
                "ftpsState": "FtpsOnly",
                "preWarmedInstanceCount": 0,
                "elasticWebAppScaleLimit": 0,
                "functionsRuntimeScaleMonitoringEnabled": false,
                "minimumElasticInstanceCount": 0,
                "azureStorageAccounts": {}
            }
        },
        {
            "type": "Microsoft.Web/sites/config",
            "apiVersion": "2023-12-01",
            "name": "[concat(parameters('sites_WebAppSysKit4_name'), '/web')]",
            "location": "West Europe",
            "dependsOn": [
                "[resourceId('Microsoft.Web/sites', parameters('sites_WebAppSysKit4_name'))]"
            ],
            "tags": {
                "Environment": "Staging",
                "Project": "AzureDevOpsAssignment",
                "Owner": "Fran_M"
            },
            "properties": {
                "numberOfWorkers": 1,
                "defaultDocuments": [
                    "Default.htm",
                    "Default.html",
                    "Default.asp",
                    "index.htm",
                    "index.html",
                    "iisstart.htm",
                    "default.aspx",
                    "index.php",
                    "hostingstart.html"
                ],
                "netFrameworkVersion": "v4.0",
                "phpVersion": "5.6",
                "requestTracingEnabled": false,
                "remoteDebuggingEnabled": false,
                "httpLoggingEnabled": false,
                "acrUseManagedIdentityCreds": false,
                "logsDirectorySizeLimit": 35,
                "detailedErrorLoggingEnabled": false,
                "publishingUsername": "$WebAppSysKit4",
                "scmType": "None",
                "use32BitWorkerProcess": true,
                "webSocketsEnabled": false,
                "alwaysOn": false,
                "managedPipelineMode": "Integrated",
                "virtualApplications": [
                    {
                        "virtualPath": "/",
                        "physicalPath": "site\\wwwroot",
                        "preloadEnabled": false
                    }
                ],
                "loadBalancing": "LeastRequests",
                "experiments": {
                    "rampUpRules": []
                },
                "autoHealEnabled": false,
                "vnetRouteAllEnabled": false,
                "vnetPrivatePortsCount": 0,
                "localMySqlEnabled": false,
                "ipSecurityRestrictions": [
                    {
                        "ipAddress": "Any",
                        "action": "Allow",
                        "priority": 2147483647,
                        "name": "Allow all",
                        "description": "Allow all access"
                    }
                ],
                "scmIpSecurityRestrictions": [
                    {
                        "ipAddress": "Any",
                        "action": "Allow",
                        "priority": 2147483647,
                        "name": "Allow all",
                        "description": "Allow all access"
                    }
                ],
                "scmIpSecurityRestrictionsUseMain": false,
                "http20Enabled": false,
                "minTlsVersion": "1.2",
                "scmMinTlsVersion": "1.2",
                "ftpsState": "FtpsOnly",
                "preWarmedInstanceCount": 0,
                "elasticWebAppScaleLimit": 0,
                "functionsRuntimeScaleMonitoringEnabled": false,
                "minimumElasticInstanceCount": 0,
                "azureStorageAccounts": {}
            }
        },
        {
            "type": "Microsoft.Web/sites/hostNameBindings",
            "apiVersion": "2023-12-01",
            "name": "[concat(parameters('sites_WebAppSysKit1_name'), '/', parameters('sites_WebAppSysKit1_name'), '.azurewebsites.net')]",
            "location": "West Europe",
            "dependsOn": [
                "[resourceId('Microsoft.Web/sites', parameters('sites_WebAppSysKit1_name'))]"
            ],
            "properties": {
                "siteName": "WebAppSysKit1",
                "hostNameType": "Verified"
            }
        },
        {
            "type": "Microsoft.Web/sites/hostNameBindings",
            "apiVersion": "2023-12-01",
            "name": "[concat(parameters('sites_WebAppSysKit2_name'), '/', parameters('sites_WebAppSysKit2_name'), '.azurewebsites.net')]",
            "location": "West Europe",
            "dependsOn": [
                "[resourceId('Microsoft.Web/sites', parameters('sites_WebAppSysKit2_name'))]"
            ],
            "properties": {
                "siteName": "WebAppSysKit2",
                "hostNameType": "Verified"
            }
        },
        {
            "type": "Microsoft.Web/sites/hostNameBindings",
            "apiVersion": "2023-12-01",
            "name": "[concat(parameters('sites_WebAppSysKit3_name'), '/', parameters('sites_WebAppSysKit3_name'), '.azurewebsites.net')]",
            "location": "West Europe",
            "dependsOn": [
                "[resourceId('Microsoft.Web/sites', parameters('sites_WebAppSysKit3_name'))]"
            ],
            "properties": {
                "siteName": "WebAppSysKit3",
                "hostNameType": "Verified"
            }
        },
        {
            "type": "Microsoft.Web/sites/hostNameBindings",
            "apiVersion": "2023-12-01",
            "name": "[concat(parameters('sites_WebAppSysKit4_name'), '/', parameters('sites_WebAppSysKit4_name'), '.azurewebsites.net')]",
            "location": "West Europe",
            "dependsOn": [
                "[resourceId('Microsoft.Web/sites', parameters('sites_WebAppSysKit4_name'))]"
            ],
            "properties": {
                "siteName": "WebAppSysKit4",
                "hostNameType": "Verified"
            }
        },
        {
            "type": "Microsoft.Sql/servers/databases/advancedThreatProtectionSettings",
            "apiVersion": "2023-08-01-preview",
            "name": "[concat(parameters('servers_sql_vm_name'), '/Database1/Default')]",
            "dependsOn": [
                "[resourceId('Microsoft.Sql/servers/databases', parameters('servers_sql_vm_name'), 'Database1')]",
                "[resourceId('Microsoft.Sql/servers', parameters('servers_sql_vm_name'))]"
            ],
            "properties": {
                "state": "Disabled"
            }
        },
        {
            "type": "Microsoft.Sql/servers/databases/advancedThreatProtectionSettings",
            "apiVersion": "2023-08-01-preview",
            "name": "[concat(parameters('servers_sql_vm_name'), '/Database2/Default')]",
            "dependsOn": [
                "[resourceId('Microsoft.Sql/servers/databases', parameters('servers_sql_vm_name'), 'Database2')]",
                "[resourceId('Microsoft.Sql/servers', parameters('servers_sql_vm_name'))]"
            ],
            "properties": {
                "state": "Disabled"
            }
        },
        {
            "type": "Microsoft.Sql/servers/databases/advancedThreatProtectionSettings",
            "apiVersion": "2023-08-01-preview",
            "name": "[concat(parameters('servers_sql_vm_name'), '/Database3/Default')]",
            "dependsOn": [
                "[resourceId('Microsoft.Sql/servers/databases', parameters('servers_sql_vm_name'), 'Database3')]",
                "[resourceId('Microsoft.Sql/servers', parameters('servers_sql_vm_name'))]"
            ],
            "properties": {
                "state": "Disabled"
            }
        },
        {
            "type": "Microsoft.Sql/servers/databases/advisors",
            "apiVersion": "2014-04-01",
            "name": "[concat(parameters('servers_sql_vm_name'), '/Database2/CreateIndex')]",
            "dependsOn": [
                "[resourceId('Microsoft.Sql/servers/databases', parameters('servers_sql_vm_name'), 'Database2')]",
                "[resourceId('Microsoft.Sql/servers', parameters('servers_sql_vm_name'))]"
            ],
            "properties": {
                "autoExecuteValue": "Disabled"
            }
        },
        {
            "type": "Microsoft.Sql/servers/databases/advisors",
            "apiVersion": "2014-04-01",
            "name": "[concat(parameters('servers_sql_vm_name'), '/Database3/CreateIndex')]",
            "dependsOn": [
                "[resourceId('Microsoft.Sql/servers/databases', parameters('servers_sql_vm_name'), 'Database3')]",
                "[resourceId('Microsoft.Sql/servers', parameters('servers_sql_vm_name'))]"
            ],
            "properties": {
                "autoExecuteValue": "Disabled"
            }
        },
        {
            "type": "Microsoft.Sql/servers/databases/advisors",
            "apiVersion": "2014-04-01",
            "name": "[concat(parameters('servers_sql_vm_name'), '/Database2/DbParameterization')]",
            "dependsOn": [
                "[resourceId('Microsoft.Sql/servers/databases', parameters('servers_sql_vm_name'), 'Database2')]",
                "[resourceId('Microsoft.Sql/servers', parameters('servers_sql_vm_name'))]"
            ],
            "properties": {
                "autoExecuteValue": "Disabled"
            }
        },
        {
            "type": "Microsoft.Sql/servers/databases/advisors",
            "apiVersion": "2014-04-01",
            "name": "[concat(parameters('servers_sql_vm_name'), '/Database3/DbParameterization')]",
            "dependsOn": [
                "[resourceId('Microsoft.Sql/servers/databases', parameters('servers_sql_vm_name'), 'Database3')]",
                "[resourceId('Microsoft.Sql/servers', parameters('servers_sql_vm_name'))]"
            ],
            "properties": {
                "autoExecuteValue": "Disabled"
            }
        },
        {
            "type": "Microsoft.Sql/servers/databases/advisors",
            "apiVersion": "2014-04-01",
            "name": "[concat(parameters('servers_sql_vm_name'), '/Database2/DefragmentIndex')]",
            "dependsOn": [
                "[resourceId('Microsoft.Sql/servers/databases', parameters('servers_sql_vm_name'), 'Database2')]",
                "[resourceId('Microsoft.Sql/servers', parameters('servers_sql_vm_name'))]"
            ],
            "properties": {
                "autoExecuteValue": "Disabled"
            }
        },
        {
            "type": "Microsoft.Sql/servers/databases/advisors",
            "apiVersion": "2014-04-01",
            "name": "[concat(parameters('servers_sql_vm_name'), '/Database3/DefragmentIndex')]",
            "dependsOn": [
                "[resourceId('Microsoft.Sql/servers/databases', parameters('servers_sql_vm_name'), 'Database3')]",
                "[resourceId('Microsoft.Sql/servers', parameters('servers_sql_vm_name'))]"
            ],
            "properties": {
                "autoExecuteValue": "Disabled"
            }
        },
        {
            "type": "Microsoft.Sql/servers/databases/advisors",
            "apiVersion": "2014-04-01",
            "name": "[concat(parameters('servers_sql_vm_name'), '/Database2/DropIndex')]",
            "dependsOn": [
                "[resourceId('Microsoft.Sql/servers/databases', parameters('servers_sql_vm_name'), 'Database2')]",
                "[resourceId('Microsoft.Sql/servers', parameters('servers_sql_vm_name'))]"
            ],
            "properties": {
                "autoExecuteValue": "Disabled"
            }
        },
        {
            "type": "Microsoft.Sql/servers/databases/advisors",
            "apiVersion": "2014-04-01",
            "name": "[concat(parameters('servers_sql_vm_name'), '/Database3/DropIndex')]",
            "dependsOn": [
                "[resourceId('Microsoft.Sql/servers/databases', parameters('servers_sql_vm_name'), 'Database3')]",
                "[resourceId('Microsoft.Sql/servers', parameters('servers_sql_vm_name'))]"
            ],
            "properties": {
                "autoExecuteValue": "Disabled"
            }
        },
        {
            "type": "Microsoft.Sql/servers/databases/advisors",
            "apiVersion": "2014-04-01",
            "name": "[concat(parameters('servers_sql_vm_name'), '/Database2/ForceLastGoodPlan')]",
            "dependsOn": [
                "[resourceId('Microsoft.Sql/servers/databases', parameters('servers_sql_vm_name'), 'Database2')]",
                "[resourceId('Microsoft.Sql/servers', parameters('servers_sql_vm_name'))]"
            ],
            "properties": {
                "autoExecuteValue": "Enabled"
            }
        },
        {
            "type": "Microsoft.Sql/servers/databases/advisors",
            "apiVersion": "2014-04-01",
            "name": "[concat(parameters('servers_sql_vm_name'), '/Database3/ForceLastGoodPlan')]",
            "dependsOn": [
                "[resourceId('Microsoft.Sql/servers/databases', parameters('servers_sql_vm_name'), 'Database3')]",
                "[resourceId('Microsoft.Sql/servers', parameters('servers_sql_vm_name'))]"
            ],
            "properties": {
                "autoExecuteValue": "Enabled"
            }
        },
        {
            "type": "Microsoft.Sql/servers/databases/auditingPolicies",
            "apiVersion": "2014-04-01",
            "name": "[concat(parameters('servers_sql_vm_name'), '/Database1/Default')]",
            "location": "North Europe",
            "dependsOn": [
                "[resourceId('Microsoft.Sql/servers/databases', parameters('servers_sql_vm_name'), 'Database1')]",
                "[resourceId('Microsoft.Sql/servers', parameters('servers_sql_vm_name'))]"
            ],
            "properties": {
                "auditingState": "Disabled"
            }
        },
        {
            "type": "Microsoft.Sql/servers/databases/auditingPolicies",
            "apiVersion": "2014-04-01",
            "name": "[concat(parameters('servers_sql_vm_name'), '/Database2/Default')]",
            "location": "North Europe",
            "dependsOn": [
                "[resourceId('Microsoft.Sql/servers/databases', parameters('servers_sql_vm_name'), 'Database2')]",
                "[resourceId('Microsoft.Sql/servers', parameters('servers_sql_vm_name'))]"
            ],
            "properties": {
                "auditingState": "Disabled"
            }
        },
        {
            "type": "Microsoft.Sql/servers/databases/auditingPolicies",
            "apiVersion": "2014-04-01",
            "name": "[concat(parameters('servers_sql_vm_name'), '/Database3/Default')]",
            "location": "North Europe",
            "dependsOn": [
                "[resourceId('Microsoft.Sql/servers/databases', parameters('servers_sql_vm_name'), 'Database3')]",
                "[resourceId('Microsoft.Sql/servers', parameters('servers_sql_vm_name'))]"
            ],
            "properties": {
                "auditingState": "Disabled"
            }
        },
        {
            "type": "Microsoft.Sql/servers/databases/auditingSettings",
            "apiVersion": "2023-08-01-preview",
            "name": "[concat(parameters('servers_sql_vm_name'), '/Database1/Default')]",
            "dependsOn": [
                "[resourceId('Microsoft.Sql/servers/databases', parameters('servers_sql_vm_name'), 'Database1')]",
                "[resourceId('Microsoft.Sql/servers', parameters('servers_sql_vm_name'))]"
            ],
            "properties": {
                "retentionDays": 0,
                "isAzureMonitorTargetEnabled": false,
                "state": "Disabled",
                "storageAccountSubscriptionId": "00000000-0000-0000-0000-000000000000"
            }
        },
        {
            "type": "Microsoft.Sql/servers/databases/auditingSettings",
            "apiVersion": "2023-08-01-preview",
            "name": "[concat(parameters('servers_sql_vm_name'), '/Database2/Default')]",
            "dependsOn": [
                "[resourceId('Microsoft.Sql/servers/databases', parameters('servers_sql_vm_name'), 'Database2')]",
                "[resourceId('Microsoft.Sql/servers', parameters('servers_sql_vm_name'))]"
            ],
            "properties": {
                "retentionDays": 0,
                "isAzureMonitorTargetEnabled": false,
                "state": "Disabled",
                "storageAccountSubscriptionId": "00000000-0000-0000-0000-000000000000"
            }
        },
        {
            "type": "Microsoft.Sql/servers/databases/auditingSettings",
            "apiVersion": "2023-08-01-preview",
            "name": "[concat(parameters('servers_sql_vm_name'), '/Database3/Default')]",
            "dependsOn": [
                "[resourceId('Microsoft.Sql/servers/databases', parameters('servers_sql_vm_name'), 'Database3')]",
                "[resourceId('Microsoft.Sql/servers', parameters('servers_sql_vm_name'))]"
            ],
            "properties": {
                "retentionDays": 0,
                "isAzureMonitorTargetEnabled": false,
                "state": "Disabled",
                "storageAccountSubscriptionId": "00000000-0000-0000-0000-000000000000"
            }
        },
        {
            "type": "Microsoft.Sql/servers/databases/backupLongTermRetentionPolicies",
            "apiVersion": "2023-08-01-preview",
            "name": "[concat(parameters('servers_sql_vm_name'), '/Database1/default')]",
            "dependsOn": [
                "[resourceId('Microsoft.Sql/servers/databases', parameters('servers_sql_vm_name'), 'Database1')]",
                "[resourceId('Microsoft.Sql/servers', parameters('servers_sql_vm_name'))]"
            ],
            "properties": {
                "weeklyRetention": "PT0S",
                "monthlyRetention": "PT0S",
                "yearlyRetention": "PT0S",
                "weekOfYear": 0
            }
        },
        {
            "type": "Microsoft.Sql/servers/databases/backupLongTermRetentionPolicies",
            "apiVersion": "2023-08-01-preview",
            "name": "[concat(parameters('servers_sql_vm_name'), '/Database2/default')]",
            "dependsOn": [
                "[resourceId('Microsoft.Sql/servers/databases', parameters('servers_sql_vm_name'), 'Database2')]",
                "[resourceId('Microsoft.Sql/servers', parameters('servers_sql_vm_name'))]"
            ],
            "properties": {
                "weeklyRetention": "PT0S",
                "monthlyRetention": "PT0S",
                "yearlyRetention": "PT0S",
                "weekOfYear": 0
            }
        },
        {
            "type": "Microsoft.Sql/servers/databases/backupLongTermRetentionPolicies",
            "apiVersion": "2023-08-01-preview",
            "name": "[concat(parameters('servers_sql_vm_name'), '/Database3/default')]",
            "dependsOn": [
                "[resourceId('Microsoft.Sql/servers/databases', parameters('servers_sql_vm_name'), 'Database3')]",
                "[resourceId('Microsoft.Sql/servers', parameters('servers_sql_vm_name'))]"
            ],
            "properties": {
                "weeklyRetention": "PT0S",
                "monthlyRetention": "PT0S",
                "yearlyRetention": "PT0S",
                "weekOfYear": 0
            }
        },
        {
            "type": "Microsoft.Sql/servers/databases/backupShortTermRetentionPolicies",
            "apiVersion": "2023-08-01-preview",
            "name": "[concat(parameters('servers_sql_vm_name'), '/Database1/default')]",
            "dependsOn": [
                "[resourceId('Microsoft.Sql/servers/databases', parameters('servers_sql_vm_name'), 'Database1')]",
                "[resourceId('Microsoft.Sql/servers', parameters('servers_sql_vm_name'))]"
            ],
            "properties": {
                "retentionDays": 7,
                "diffBackupIntervalInHours": 12
            }
        },
        {
            "type": "Microsoft.Sql/servers/databases/backupShortTermRetentionPolicies",
            "apiVersion": "2023-08-01-preview",
            "name": "[concat(parameters('servers_sql_vm_name'), '/Database2/default')]",
            "dependsOn": [
                "[resourceId('Microsoft.Sql/servers/databases', parameters('servers_sql_vm_name'), 'Database2')]",
                "[resourceId('Microsoft.Sql/servers', parameters('servers_sql_vm_name'))]"
            ],
            "properties": {
                "retentionDays": 7,
                "diffBackupIntervalInHours": 12
            }
        },
        {
            "type": "Microsoft.Sql/servers/databases/backupShortTermRetentionPolicies",
            "apiVersion": "2023-08-01-preview",
            "name": "[concat(parameters('servers_sql_vm_name'), '/Database3/default')]",
            "dependsOn": [
                "[resourceId('Microsoft.Sql/servers/databases', parameters('servers_sql_vm_name'), 'Database3')]",
                "[resourceId('Microsoft.Sql/servers', parameters('servers_sql_vm_name'))]"
            ],
            "properties": {
                "retentionDays": 7,
                "diffBackupIntervalInHours": 12
            }
        },
        {
            "type": "Microsoft.Sql/servers/databases/extendedAuditingSettings",
            "apiVersion": "2023-08-01-preview",
            "name": "[concat(parameters('servers_sql_vm_name'), '/Database1/Default')]",
            "dependsOn": [
                "[resourceId('Microsoft.Sql/servers/databases', parameters('servers_sql_vm_name'), 'Database1')]",
                "[resourceId('Microsoft.Sql/servers', parameters('servers_sql_vm_name'))]"
            ],
            "properties": {
                "retentionDays": 0,
                "isAzureMonitorTargetEnabled": false,
                "state": "Disabled",
                "storageAccountSubscriptionId": "00000000-0000-0000-0000-000000000000"
            }
        },
        {
            "type": "Microsoft.Sql/servers/databases/extendedAuditingSettings",
            "apiVersion": "2023-08-01-preview",
            "name": "[concat(parameters('servers_sql_vm_name'), '/Database2/Default')]",
            "dependsOn": [
                "[resourceId('Microsoft.Sql/servers/databases', parameters('servers_sql_vm_name'), 'Database2')]",
                "[resourceId('Microsoft.Sql/servers', parameters('servers_sql_vm_name'))]"
            ],
            "properties": {
                "retentionDays": 0,
                "isAzureMonitorTargetEnabled": false,
                "state": "Disabled",
                "storageAccountSubscriptionId": "00000000-0000-0000-0000-000000000000"
            }
        },
        {
            "type": "Microsoft.Sql/servers/databases/extendedAuditingSettings",
            "apiVersion": "2023-08-01-preview",
            "name": "[concat(parameters('servers_sql_vm_name'), '/Database3/Default')]",
            "dependsOn": [
                "[resourceId('Microsoft.Sql/servers/databases', parameters('servers_sql_vm_name'), 'Database3')]",
                "[resourceId('Microsoft.Sql/servers', parameters('servers_sql_vm_name'))]"
            ],
            "properties": {
                "retentionDays": 0,
                "isAzureMonitorTargetEnabled": false,
                "state": "Disabled",
                "storageAccountSubscriptionId": "00000000-0000-0000-0000-000000000000"
            }
        },
        {
            "type": "Microsoft.Sql/servers/databases/geoBackupPolicies",
            "apiVersion": "2023-08-01-preview",
            "name": "[concat(parameters('servers_sql_vm_name'), '/Database1/Default')]",
            "dependsOn": [
                "[resourceId('Microsoft.Sql/servers/databases', parameters('servers_sql_vm_name'), 'Database1')]",
                "[resourceId('Microsoft.Sql/servers', parameters('servers_sql_vm_name'))]"
            ],
            "properties": {
                "state": "Enabled"
            }
        },
        {
            "type": "Microsoft.Sql/servers/databases/geoBackupPolicies",
            "apiVersion": "2023-08-01-preview",
            "name": "[concat(parameters('servers_sql_vm_name'), '/Database2/Default')]",
            "dependsOn": [
                "[resourceId('Microsoft.Sql/servers/databases', parameters('servers_sql_vm_name'), 'Database2')]",
                "[resourceId('Microsoft.Sql/servers', parameters('servers_sql_vm_name'))]"
            ],
            "properties": {
                "state": "Enabled"
            }
        },
        {
            "type": "Microsoft.Sql/servers/databases/geoBackupPolicies",
            "apiVersion": "2023-08-01-preview",
            "name": "[concat(parameters('servers_sql_vm_name'), '/Database3/Default')]",
            "dependsOn": [
                "[resourceId('Microsoft.Sql/servers/databases', parameters('servers_sql_vm_name'), 'Database3')]",
                "[resourceId('Microsoft.Sql/servers', parameters('servers_sql_vm_name'))]"
            ],
            "properties": {
                "state": "Enabled"
            }
        },
        {
            "type": "Microsoft.Sql/servers/databases/ledgerDigestUploads",
            "apiVersion": "2023-08-01-preview",
            "name": "[concat(parameters('servers_sql_vm_name'), '/Database1/Current')]",
            "dependsOn": [
                "[resourceId('Microsoft.Sql/servers/databases', parameters('servers_sql_vm_name'), 'Database1')]",
                "[resourceId('Microsoft.Sql/servers', parameters('servers_sql_vm_name'))]"
            ],
            "properties": {}
        },
        {
            "type": "Microsoft.Sql/servers/databases/ledgerDigestUploads",
            "apiVersion": "2023-08-01-preview",
            "name": "[concat(parameters('servers_sql_vm_name'), '/Database2/Current')]",
            "dependsOn": [
                "[resourceId('Microsoft.Sql/servers/databases', parameters('servers_sql_vm_name'), 'Database2')]",
                "[resourceId('Microsoft.Sql/servers', parameters('servers_sql_vm_name'))]"
            ],
            "properties": {}
        },
        {
            "type": "Microsoft.Sql/servers/databases/ledgerDigestUploads",
            "apiVersion": "2023-08-01-preview",
            "name": "[concat(parameters('servers_sql_vm_name'), '/Database3/Current')]",
            "dependsOn": [
                "[resourceId('Microsoft.Sql/servers/databases', parameters('servers_sql_vm_name'), 'Database3')]",
                "[resourceId('Microsoft.Sql/servers', parameters('servers_sql_vm_name'))]"
            ],
            "properties": {}
        },
        {
            "type": "Microsoft.Sql/servers/databases/securityAlertPolicies",
            "apiVersion": "2023-08-01-preview",
            "name": "[concat(parameters('servers_sql_vm_name'), '/Database1/Default')]",
            "dependsOn": [
                "[resourceId('Microsoft.Sql/servers/databases', parameters('servers_sql_vm_name'), 'Database1')]",
                "[resourceId('Microsoft.Sql/servers', parameters('servers_sql_vm_name'))]"
            ],
            "properties": {
                "state": "Disabled",
                "disabledAlerts": [
                    ""
                ],
                "emailAddresses": [
                    ""
                ],
                "emailAccountAdmins": false,
                "retentionDays": 0
            }
        },
        {
            "type": "Microsoft.Sql/servers/databases/securityAlertPolicies",
            "apiVersion": "2023-08-01-preview",
            "name": "[concat(parameters('servers_sql_vm_name'), '/Database2/Default')]",
            "dependsOn": [
                "[resourceId('Microsoft.Sql/servers/databases', parameters('servers_sql_vm_name'), 'Database2')]",
                "[resourceId('Microsoft.Sql/servers', parameters('servers_sql_vm_name'))]"
            ],
            "properties": {
                "state": "Disabled",
                "disabledAlerts": [
                    ""
                ],
                "emailAddresses": [
                    ""
                ],
                "emailAccountAdmins": false,
                "retentionDays": 0
            }
        },
        {
            "type": "Microsoft.Sql/servers/databases/securityAlertPolicies",
            "apiVersion": "2023-08-01-preview",
            "name": "[concat(parameters('servers_sql_vm_name'), '/Database3/Default')]",
            "dependsOn": [
                "[resourceId('Microsoft.Sql/servers/databases', parameters('servers_sql_vm_name'), 'Database3')]",
                "[resourceId('Microsoft.Sql/servers', parameters('servers_sql_vm_name'))]"
            ],
            "properties": {
                "state": "Disabled",
                "disabledAlerts": [
                    ""
                ],
                "emailAddresses": [
                    ""
                ],
                "emailAccountAdmins": false,
                "retentionDays": 0
            }
        },
        {
            "type": "Microsoft.Sql/servers/databases/transparentDataEncryption",
            "apiVersion": "2023-08-01-preview",
            "name": "[concat(parameters('servers_sql_vm_name'), '/Database1/Current')]",
            "dependsOn": [
                "[resourceId('Microsoft.Sql/servers/databases', parameters('servers_sql_vm_name'), 'Database1')]",
                "[resourceId('Microsoft.Sql/servers', parameters('servers_sql_vm_name'))]"
            ],
            "properties": {
                "state": "Enabled"
            }
        },
        {
            "type": "Microsoft.Sql/servers/databases/transparentDataEncryption",
            "apiVersion": "2023-08-01-preview",
            "name": "[concat(parameters('servers_sql_vm_name'), '/Database2/Current')]",
            "dependsOn": [
                "[resourceId('Microsoft.Sql/servers/databases', parameters('servers_sql_vm_name'), 'Database2')]",
                "[resourceId('Microsoft.Sql/servers', parameters('servers_sql_vm_name'))]"
            ],
            "properties": {
                "state": "Enabled"
            }
        },
        {
            "type": "Microsoft.Sql/servers/databases/transparentDataEncryption",
            "apiVersion": "2023-08-01-preview",
            "name": "[concat(parameters('servers_sql_vm_name'), '/Database3/Current')]",
            "dependsOn": [
                "[resourceId('Microsoft.Sql/servers/databases', parameters('servers_sql_vm_name'), 'Database3')]",
                "[resourceId('Microsoft.Sql/servers', parameters('servers_sql_vm_name'))]"
            ],
            "properties": {
                "state": "Enabled"
            }
        },
        {
            "type": "Microsoft.Sql/servers/databases/vulnerabilityAssessments",
            "apiVersion": "2023-08-01-preview",
            "name": "[concat(parameters('servers_sql_vm_name'), '/Database1/Default')]",
            "dependsOn": [
                "[resourceId('Microsoft.Sql/servers/databases', parameters('servers_sql_vm_name'), 'Database1')]",
                "[resourceId('Microsoft.Sql/servers', parameters('servers_sql_vm_name'))]"
            ],
            "properties": {
                "recurringScans": {
                    "isEnabled": false,
                    "emailSubscriptionAdmins": true
                }
            }
        },
        {
            "type": "Microsoft.Sql/servers/databases/vulnerabilityAssessments",
            "apiVersion": "2023-08-01-preview",
            "name": "[concat(parameters('servers_sql_vm_name'), '/Database2/Default')]",
            "dependsOn": [
                "[resourceId('Microsoft.Sql/servers/databases', parameters('servers_sql_vm_name'), 'Database2')]",
                "[resourceId('Microsoft.Sql/servers', parameters('servers_sql_vm_name'))]"
            ],
            "properties": {
                "recurringScans": {
                    "isEnabled": false,
                    "emailSubscriptionAdmins": true
                }
            }
        },
        {
            "type": "Microsoft.Sql/servers/databases/vulnerabilityAssessments",
            "apiVersion": "2023-08-01-preview",
            "name": "[concat(parameters('servers_sql_vm_name'), '/Database3/Default')]",
            "dependsOn": [
                "[resourceId('Microsoft.Sql/servers/databases', parameters('servers_sql_vm_name'), 'Database3')]",
                "[resourceId('Microsoft.Sql/servers', parameters('servers_sql_vm_name'))]"
            ],
            "properties": {
                "recurringScans": {
                    "isEnabled": false,
                    "emailSubscriptionAdmins": true
                }
            }
        }
    ]
}